<?xml version="1.0" encoding="utf-8" ?>
<dwsync>
<file name="ui-bg_flat_0_aaaaaa_40x100.png" server="id0029.vps.sonic.net/nfs/webroot/html/" local="129983447780551411" remote="129984333120000000" Dst="1" />
<file name="ui-bg_flat_75_ffffff_40x100.png" server="id0029.vps.sonic.net/nfs/webroot/html/" local="129983447780561412" remote="129984333120000000" Dst="1" />
<file name="ui-bg_glass_55_fbf9ee_1x400.png" server="id0029.vps.sonic.net/nfs/webroot/html/" local="129983447780581413" remote="129984333130000000" Dst="1" />
<file name="ui-bg_glass_65_ffffff_1x400.png" server="id0029.vps.sonic.net/nfs/webroot/html/" local="129983447780601414" remote="129984333130000000" Dst="1" />
<file name="ui-bg_glass_75_dadada_1x400.png" server="id0029.vps.sonic.net/nfs/webroot/html/" local="129983447780621415" remote="129984333130000000" Dst="1" />
<file name="ui-bg_glass_75_e6e6e6_1x400.png" server="id0029.vps.sonic.net/nfs/webroot/html/" local="129983447780631416" remote="129984333130000000" Dst="1" />
<file name="ui-bg_glass_95_fef1ec_1x400.png" server="id0029.vps.sonic.net/nfs/webroot/html/" local="129983447780641416" remote="129984333130000000" Dst="1" />
<file name="ui-bg_highlight-soft_75_cccccc_1x100.png" server="id0029.vps.sonic.net/nfs/webroot/html/" local="129983447780651417" remote="129984333130000000" Dst="1" />
<file name="ui-icons_222222_256x240.png" server="id0029.vps.sonic.net/nfs/webroot/html/" local="129983447780671418" remote="129984333130000000" Dst="1" />
<file name="ui-icons_2e83ff_256x240.png" server="id0029.vps.sonic.net/nfs/webroot/html/" local="129983447780681419" remote="129984333130000000" Dst="1" />
<file name="ui-icons_454545_256x240.png" server="id0029.vps.sonic.net/nfs/webroot/html/" local="129983447780691419" remote="129984333130000000" Dst="1" />
<file name="ui-icons_888888_256x240.png" server="id0029.vps.sonic.net/nfs/webroot/html/" local="129983447780701420" remote="129984333140000000" Dst="1" />
<file name="ui-icons_cd0a0a_256x240.png" server="id0029.vps.sonic.net/nfs/webroot/html/" local="129983447780721421" remote="129984333140000000" Dst="1" />
</dwsync>