<?xml version="1.0" encoding="utf-8" ?>
<dwsync>
<file name="home.png" server="id0029.vps.sonic.net/nfs/webroot/html/" local="129978589517128934" remote="129979125530000000" Dst="1" />
<file name="homehover.png" server="id0029.vps.sonic.net/nfs/webroot/html/" local="129978589517158936" remote="129979125530000000" Dst="1" />
<file name="locations.png" server="id0029.vps.sonic.net/nfs/webroot/html/" local="129978589517178937" remote="129979125530000000" Dst="1" />
<file name="locationshover.png" server="id0029.vps.sonic.net/nfs/webroot/html/" local="129978589517198938" remote="129979125530000000" Dst="1" />
<file name="metalbox.png" server="id0029.vps.sonic.net/nfs/webroot/html/" local="129978589517218939" remote="129979125530000000" Dst="1" />
<file name="mission.png" server="id0029.vps.sonic.net/nfs/webroot/html/" local="129978589517238940" remote="129979125530000000" Dst="1" />
<file name="missionhover.png" server="id0029.vps.sonic.net/nfs/webroot/html/" local="129978589517258942" remote="129979125530000000" Dst="1" />
<file name="training.png" server="id0029.vps.sonic.net/nfs/webroot/html/" local="129978589517268942" remote="129979125530000000" Dst="1" />
<file name="traininghover.png" server="id0029.vps.sonic.net/nfs/webroot/html/" local="129978589517288943" remote="129979125530000000" Dst="1" />
<file name="vehicles.png" server="id0029.vps.sonic.net/nfs/webroot/html/" local="129978589517308944" remote="129979125540000000" Dst="1" />
<file name="vehicleshover.png" server="id0029.vps.sonic.net/nfs/webroot/html/" local="129978589517328946" remote="129979125540000000" Dst="1" />
</dwsync>