<?xml version="1.0" encoding="utf-8" ?>
<dwsync>
<file name=".DS_Store" server="id0029.vps.sonic.net/nfs/webroot/html/" local="129978589517918979" remote="129979125540000000" Dst="1" />
<file name="bckgrndgui.svg" server="id0029.vps.sonic.net/nfs/webroot/html/" local="129978589518008985" remote="129979125540000000" Dst="1" />
<file name="greenchip.png" server="id0029.vps.sonic.net/nfs/webroot/html/" local="129978589518048987" remote="129979125540000000" Dst="1" />
<file name="guibkgrnd.png" server="id0029.vps.sonic.net/nfs/webroot/html/" local="129978589518088989" remote="129979125540000000" Dst="1" />
<file name="metaldoor.jpg" server="id0029.vps.sonic.net/nfs/webroot/html/" local="129978589518108990" remote="129979125550000000" Dst="1" />
<file name="navbarcut.png" server="id0029.vps.sonic.net/nfs/webroot/html/" local="129978589518128991" remote="129979125550000000" Dst="1" />
<file name="navBox.png" server="id0029.vps.sonic.net/nfs/webroot/html/" local="129978589518148993" remote="129979125550000000" Dst="1" />
<file name="navsprite.png" server="id0029.vps.sonic.net/nfs/webroot/html/" local="129978589518168994" remote="129979125550000000" Dst="1" />
<file name="noshadow.png" server="id0029.vps.sonic.net/nfs/webroot/html/" local="129978589518188995" remote="129979125550000000" Dst="1" />
<file name="spritesheet.png" server="id0029.vps.sonic.net/nfs/webroot/html/" local="129978589518208996" remote="129979125550000000" Dst="1" />
<file name="enigma_machine2.png" server="id0029.vps.sonic.net/nfs/webroot/html/" local="129979141327270552" remote="129979146240000000" Dst="1" />
<file name="metaldoor2.png" server="id0029.vps.sonic.net/nfs/webroot/html/" local="129980164205336891" remote="129980209320000000" Dst="1" />
<file name="enigma_machine3.png" server="id0029.vps.sonic.net/nfs/webroot/html/" local="129980205343449856" remote="129980209380000000" Dst="1" />
<file name="background.jpg" server="id0029.vps.sonic.net/nfs/webroot/html/" local="129980131927550707" remote="129980209500000000" Dst="1" />
<file name="bckgrndv2.png" server="id0029.vps.sonic.net/nfs/webroot/html/" local="129983419873975246" remote="129983695310000000" Dst="1" />
<file name="Number-Maze.png" server="id0029.vps.sonic.net/nfs/webroot/html/" local="129980189540555983" remote="129990457230000000" Dst="1" />
<file name="puzzle_maze_numpad.png" server="id0029.vps.sonic.net/nfs/webroot/html/" local="129994743541473884" remote="129995586260000000" Dst="1" />
<file name="puzzle_maze_pieces.png" server="id0029.vps.sonic.net/nfs/webroot/html/" local="129994743541613892" remote="129995586330000000" Dst="1" />
<file name="side_tiles.png" server="id0029.vps.sonic.net/nfs/webroot/html/" local="129994992559237923" remote="129995586390000000" Dst="1" />
<file name="metaldoor3.png" server="id0029.vps.sonic.net/nfs/webroot/html/" local="129994743541323875" remote="129995601700000000" Dst="1" />
<file name="encryption_puzzle_letters.png" server="id0029.vps.sonic.net/nfs/webroot/html/" local="129998295558942322" remote="129998360110000000" Dst="1" />
</dwsync>