<?xml version="1.0" encoding="utf-8" ?>
<dwsync>
<file name="ui-bg_flat_0_aaaaaa_40x100.png" server="id0029.vps.sonic.net/nfs/webroot/html/" local="129983447780111386" remote="129984333040000000" Dst="1" />
<file name="ui-bg_flat_75_ffffff_40x100.png" server="id0029.vps.sonic.net/nfs/webroot/html/" local="129983447780131387" remote="129984333040000000" Dst="1" />
<file name="ui-bg_glass_55_fbf9ee_1x400.png" server="id0029.vps.sonic.net/nfs/webroot/html/" local="129983447780151388" remote="129984333040000000" Dst="1" />
<file name="ui-bg_glass_65_ffffff_1x400.png" server="id0029.vps.sonic.net/nfs/webroot/html/" local="129983447780161389" remote="129984333040000000" Dst="1" />
<file name="ui-bg_glass_75_dadada_1x400.png" server="id0029.vps.sonic.net/nfs/webroot/html/" local="129983447780181390" remote="129984333040000000" Dst="1" />
<file name="ui-bg_glass_75_e6e6e6_1x400.png" server="id0029.vps.sonic.net/nfs/webroot/html/" local="129983447780201391" remote="129984333050000000" Dst="1" />
<file name="ui-bg_glass_95_fef1ec_1x400.png" server="id0029.vps.sonic.net/nfs/webroot/html/" local="129983447780221392" remote="129984333050000000" Dst="1" />
<file name="ui-bg_highlight-soft_75_cccccc_1x100.png" server="id0029.vps.sonic.net/nfs/webroot/html/" local="129983447780231393" remote="129984333050000000" Dst="1" />
<file name="ui-icons_222222_256x240.png" server="id0029.vps.sonic.net/nfs/webroot/html/" local="129983447780271395" remote="129984333050000000" Dst="1" />
<file name="ui-icons_2e83ff_256x240.png" server="id0029.vps.sonic.net/nfs/webroot/html/" local="129983447780281396" remote="129984333050000000" Dst="1" />
<file name="ui-icons_454545_256x240.png" server="id0029.vps.sonic.net/nfs/webroot/html/" local="129983447780291396" remote="129984333050000000" Dst="1" />
<file name="ui-icons_888888_256x240.png" server="id0029.vps.sonic.net/nfs/webroot/html/" local="129983447780311397" remote="129984333050000000" Dst="1" />
<file name="ui-icons_cd0a0a_256x240.png" server="id0029.vps.sonic.net/nfs/webroot/html/" local="129983447780331399" remote="129984333050000000" Dst="1" />
</dwsync>