<?xml version="1.0" encoding="utf-8" ?>
<dwsync>
<file name="main.css" server="id0029.vps.sonic.net/nfs/webroot/html/" local="129998272821851835" remote="129998360750000000" Dst="1" />
<file name="jquery-1.8.3.min.js" server="id0029.vps.sonic.net/nfs/webroot/html/" local="129978589518419008" remote="129979125550000000" Dst="1" />
<file name="mission.html" server="id0029.vps.sonic.net/nfs/webroot/html/" local="129980205581593477" remote="129980209710000000" Dst="1" />
<file name=".DS_Store" server="id0029.vps.sonic.net/nfs/webroot/html/" local="129978589516998927" remote="129979125480000000" Dst="1" />
<file name="button.js" server="id0029.vps.sonic.net/nfs/webroot/html/" local="129978589517098932" remote="129979125530000000" Dst="1" />
<file name="index.html" server="id0029.vps.sonic.net/nfs/webroot/html/" local="129978638410000000" remote="129979125550000000" Dst="1" />
<file name="index_old.html" server="id0029.vps.sonic.net/nfs/webroot/html/" local="129978608684855265" remote="129979125550000000" Dst="1" />
<file name="nav.css" server="id0029.vps.sonic.net/nfs/webroot/html/" local="129978589519439066" remote="129979125550000000" Dst="1" />
<file name="index.php" server="id0029.vps.sonic.net/nfs/webroot/html/" local="129998362292549266" remote="129998363160000000" Dst="1" />
<file name="mission_map.html" server="id0029.vps.sonic.net/nfs/webroot/html/" local="129983489437944078" remote="129984332480000000" Dst="1" />
<file name="jquery-ui.js" server="id0029.vps.sonic.net/nfs/webroot/html/" local="129983448486801806" remote="129984332630000000" Dst="1" />
<file name="drag.css" server="id0029.vps.sonic.net/nfs/webroot/html/" local="129983482460534993" remote="129984332720000000" Dst="1" />
<file name="modernizr-1.5.min.js" server="id0029.vps.sonic.net/nfs/webroot/html/" local="129990445964706797" remote="129990446830000000" Dst="1" />
<file name="modernizr-1.6.min.js" server="id0029.vps.sonic.net/nfs/webroot/html/" local="129990445964886807" remote="129990487340000000" Dst="1" />
<file name="tanks_sheet.png" server="id0029.vps.sonic.net/nfs/webroot/html/" local="129990486954901302" remote="129990526290000000" Dst="1" />
<file name="index.php" server="ftp.sonic.net//home/WWW_pages/joberman/theagency99.com/" local="129993026090400684" remote="129993027000000000" Dst="1" />
<file name="puzzle_maze_numpad.png" server="id0029.vps.sonic.net/nfs/webroot/html/" local="129994798212560891" remote="129995587570000000" Dst="1" />
<file name="puzzle_maze_pieces.png" server="id0029.vps.sonic.net/nfs/webroot/html/" local="129994746238378138" remote="129995587620000000" Dst="1" />
<file name="side_tiles.png" server="id0029.vps.sonic.net/nfs/webroot/html/" local="129994992599200209" remote="129995587670000000" Dst="1" />
<file name="mission3.html" server="id0029.vps.sonic.net/nfs/webroot/html/" local="129996810255713764" remote="129996810710000000" Dst="1" />
<file name="words1.js" server="id0029.vps.sonic.net/nfs/webroot/html/" local="129998355610000000" remote="129998360640000000" Dst="1" />
<file name="mission4.html" server="id0029.vps.sonic.net/nfs/webroot/html/" local="129998359257405666" remote="129998360880000000" Dst="1" />
</dwsync>